Utilisé pour l'entrainement,Titre,Categorie,Créateur,Durée,Nombre de vues,Date de publication
1,Mon chat a trouvé la cachette parfaite... et je ne l'ai retrouvé qu'une heure plus tard 🐱,Animaux,Planète Animale,9:42,"1,8 M vues",Il y a 6 jours
1,Pourquoi les chiens penchent-ils la tête quand on leur parle ?,Animaux,Les Curieux de la Nature,8:17,"2,4 M vues",Il y a 2 semaines
1,J'ai passé une journée entière dans un refuge pour animaux,Animaux,Aventure Sauvage,17:56,684 k vues,Il y a 1 semaine
1,Les bébés pandas font-ils vraiment autant de siestes ?,Animaux,Planète Animale,10:54,937 k vues,Il y a 3 semaines
1,Cette pieuvre a résolu le casse-tête plus vite que moi 😲,Animaux,BioLab Junior,7:39,"1,3 M vues",Il y a 4 jours
1,POV : un chiot décide que tu es son nouvel humain ❤️,Animaux,Animaux & Compagnie,0:29,"5,1 M vues",Il y a 3 jours
1,La pizza maison qui a convaincu toute ma famille,Cuisine,Chef Léo,14:52,"1,3 M vues",Il y a 1 semaine
1,J'ai essayé de préparer des sushis... avec beaucoup plus de riz que prévu 🍣,Cuisine,Cuisine Express,16:28,642 k vues,Il y a 5 jours
1,Peut-on réussir des brownies parfaits du premier coup ?,Cuisine,Les Recettes de Mia,12:37,958 k vues,Il y a 2 semaines
1,Je cuisine uniquement avec ce qu'il reste dans mon frigo,Cuisine,Défi Cuisine,18:04,531 k vues,Il y a 9 jours
1,Le dessert préféré de ma grand-mère... enfin la recette !,Cuisine,Chef Léo,10:46,"2,1 M vues",Il y a 3 semaines
1,POV : les biscuits sortent enfin du four 🍪,Cuisine,Les Recettes de Mia,0:27,"4,6 M vues",Il y a 2 jours
1,J'ai construit un robot capable de ranger mon bureau 🤖,Sciences et technologie,TechLab Junior,16:48,918 k vues,Il y a 1 semaine
1,Pourquoi les bananes sont-elles légèrement radioactives ?,Sciences et technologie,Minute Science,9:36,"1,7 M vues",Il y a 2 semaines
1,Je lance une mini-fusée fabriquée avec des matériaux du quotidien 🚀,Sciences et technologie,Labo Curieux,14:52,643 k vues,Il y a 5 jours
1,POV : tu regardes une goutte d'eau au microscope pour la première fois 🔬,Sciences et technologie,Explique-moi Ça,0:28,"4,5 M vues",Il y a 2 jours
1,J'ai demandé à une IA d'inventer un jeu... puis je l'ai construit,Sciences et technologie,TechLab Junior,18:13,"1,2 M vues",Il y a 8 jours
1,Les cinq inventions qui ont changé notre quotidien sans qu'on s'en rende compte,Sciences et technologie,Minute Science,12:21,781 k vues,Il y a 3 semaines
1,J'ai construit toute ma cour d'école dans Minecraft,Jeux vidéo,PixelMax,18:42,842 k vues,Il y a 3 semaines
1,Mon petit frère choisit mes voitures dans Mario Kart... je dois toutes les utiliser !,Jeux vidéo,GameZone Québec,11:26,312 k vues,Il y a 5 jours
1,Peut-on terminer Zelda sans utiliser une seule épée ?,Jeux vidéo,Les Défis de Léo,22:14,"1,4 M vues",Il y a 2 mois
1,J'ai laissé une IA décider où j'atterris dans Fortnite pendant 20 parties,Jeux vidéo,PlayLab,16:08,967 k vues,Il y a 6 jours
1,Les 10 détails cachés que je n'avais jamais remarqués dans Roblox,Jeux vidéo,PixelMax,13:51,521 k vues,Il y a 1 semaine
1,Ce raccourci de Mario Kart m'a fait gagner toutes les courses,Jeux vidéo,Turbo Gaming,9:48,"2,1 M vues",Il y a 4 mois
1,Soccer - Je tente le défi des 100 rebonds... sans faire tomber le ballon,Sport,Défi Max,26:50:00,734 k vues,Il y a 9 jours
1,Ce geste technique au hockey a complètement changé ma façon de jouer,Sport,Coach Alex,1:56,982 k vues,Il y a 2 semaines
1,J'ai découvert un parcours secret parfait pour courir après l'école,Sport,Objectif Sport,3:15,341 k vues,Il y a 5 jours
1,Pourquoi les joueurs professionnels de basketball changent-ils souvent de chaussures ?,Sport,SportLab,2:29,608 k vues,Il y a 3 semaines
1,Le plus beau but de hockey de la saison... filmé sous tous les angles,Sport,Zone Sport,1:37,"1,5 M vues",Il y a 6 jours
1,Je participe à un entraînement facile pour courir plus vite que tous,Sport,Altitude+,3:54,397 k vues,Il y a 1 semaine
,Le renard qui visitait le même jardin chaque soir,Animaux,Aventure Sauvage,12:21,451 k vues,Il y a 10 jours
,Pourquoi les hiboux sont-ils presque impossibles à entendre en vol ?,Animaux,BioLab Junior,11:46,603 k vues,Il y a 2 semaines
,Je croyais observer des dauphins... jusqu'à cette énorme surprise,Animaux,Océan Bleu,18:14,782 k vues,Il y a 5 jours
,Les 5 animaux qui construisent les maisons les plus étonnantes,Animaux,Les Curieux de la Nature,13:08,"1,1 M vues",Il y a 1 mois
,Mon lapin a trouvé une nouvelle façon de demander une collation 🥕,Animaux,Animaux & Compagnie,6:58,824 k vues,Il y a 11 jours
,Pourquoi les girafes dorment-elles si peu ?,Animaux,BioLab Junior,9:35,397 k vues,Il y a 3 semaines
,Je découvre le plus grand aquarium que j'aie jamais visité,Animaux,Océan Bleu,19:42,516 k vues,Il y a 9 jours
,Les abeilles savent-elles vraiment compter ?,Animaux,BioLab Junior,8:48,945 k vues,Il y a 2 mois
,Le cheval le plus patient que j'aie rencontré,Animaux,Aventure Sauvage,15:11,338 k vues,Il y a 2 semaines
,Cette caméra cachée révèle ce que font les chats pendant la nuit,Animaux,Planète Animale,14:24,"2,7 M vues",Il y a 1 semaine
,Pourquoi les pingouins offrent-ils parfois des cailloux ?,Animaux,Les Curieux de la Nature,7:52,"1,6 M vues",Il y a 8 jours
,J'ai nourri des chèvres... elles avaient leur propre plan 😅,Animaux,Animaux & Compagnie,10:16,689 k vues,Il y a 12 jours
,Le plus beau cri de loup que j'aie entendu en forêt,Animaux,Aventure Sauvage,16:39,421 k vues,Il y a 5 semaines
,Ce perroquet connaît une expression que personne ne lui a apprise,Animaux,Animaux & Compagnie,8:23,"1,2 M vues",Il y a 4 jours
,Je pensais que les requins étaient tous dangereux... j'avais tort,Animaux,Océan Bleu,17:48,731 k vues,Il y a 2 semaines
,POV : un bébé koala s'endort dans tes bras 🐨,Animaux,Planète Animale,0:33,"4,8 M vues",Il y a 2 jours
,Pourquoi les ours adorent-ils se frotter contre les arbres ?,Animaux,Les Curieux de la Nature,11:04,554 k vues,Il y a 1 semaine
,J'ai installé une caméra près d'un étang... voici ce qui est venu la nuit,Animaux,Aventure Sauvage,18:57,609 k vues,Il y a 3 semaines
,Le défi photo : réussir à capturer un colibri en plein vol 📸,Animaux,BioLab Junior,12:46,487 k vues,Il y a 6 jours
,Je laisse mon chien choisir notre promenade... il m'emmène dans un endroit inattendu 🐶,Animaux,Animaux & Compagnie,12:14,"1,1 M vues",Il y a 5 jours
,Pourquoi les chats aiment-ils autant les boîtes en carton ?,Animaux,Les Curieux de la Nature,8:52,"2,2 M vues",Il y a 2 semaines
,J'ai suivi une famille de castors pendant toute une matinée,Animaux,Aventure Sauvage,17:28,563 k vues,Il y a 1 semaine
,Le bébé éléphant qui découvre la pluie pour la première fois ❤️,Animaux,Planète Animale,7:31,"3,4 M vues",Il y a 4 jours
,Peut-on vraiment reconnaître chaque zèbre grâce à ses rayures ?,Animaux,BioLab Junior,10:43,481 k vues,Il y a 3 semaines
,POV : un chiot pense que tu veux jouer avec lui 🦴,Animaux,Animaux & Compagnie,0:24,"5,8 M vues",Il y a 3 jours
,Je découvre pourquoi les flamants roses sont vraiment roses,Animaux,BioLab Junior,11:36,719 k vues,Il y a 11 jours
,Le plus drôle des concours de saut... avec des lapins !,Animaux,Planète Animale,9:47,982 k vues,Il y a 6 jours
,Cette tortue revient chaque année au même endroit,Animaux,Océan Bleu,15:58,402 k vues,Il y a 2 semaines
,Les animaux qui survivent dans les endroits les plus froids du monde,Animaux,Les Curieux de la Nature,13:25,"1,3 M vues",Il y a 2 mois
,Mon hamster a construit quelque chose que je n'avais jamais vu,Animaux,Animaux & Compagnie,8:16,614 k vues,Il y a 8 jours
,Pourquoi les corbeaux sont-ils parmi les oiseaux les plus intelligents ?,Animaux,BioLab Junior,12:18,688 k vues,Il y a 1 semaine
,Je passe une journée à observer les phoques sur la côte,Animaux,Océan Bleu,18:42,356 k vues,Il y a 3 semaines
,Le lynx le plus discret que j'aie réussi à filmer,Animaux,Aventure Sauvage,16:07,447 k vues,Il y a 13 jours
,J'ai construit un parcours d'agilité pour mon chien dans le jardin,Animaux,Animaux & Compagnie,10:54,"1,5 M vues",Il y a 5 jours
,Pourquoi les loutres se tiennent-elles par la main en dormant ?,Animaux,Les Curieux de la Nature,9:34,"2,9 M vues",Il y a 9 jours
,Cette caméra cachée révèle qui visite vraiment notre mangeoire la nuit,Animaux,Aventure Sauvage,14:46,781 k vues,Il y a 2 semaines
,POV : un cheval vient te dire bonjour 🐴,Animaux,Planète Animale,0:31,"4,4 M vues",Il y a 2 jours
,Je découvre le plus petit caméléon du monde,Animaux,BioLab Junior,11:58,526 k vues,Il y a 12 jours
,Pourquoi les dauphins jouent-ils avec les vagues ?,Animaux,Océan Bleu,8:49,917 k vues,Il y a 1 mois
,Le hérisson qui revient chaque soir dans notre cour,Animaux,Animaux & Compagnie,13:17,743 k vues,Il y a 6 jours
,J'ai installé une caméra dans une nichoir... voici ce qui s'est passé,Animaux,Aventure Sauvage,17:09,635 k vues,Il y a 10 jours
,Le secret des ailes silencieuses des chouettes,Animaux,Les Curieux de la Nature,10:26,574 k vues,Il y a 3 semaines
,Je croyais photographier un écureuil... la forêt m'a réservé une autre surprise,Animaux,Aventure Sauvage,15:37,498 k vues,Il y a 4 semaines
,Le plus drôle des réveils... avec trois chatons affamés 😹,Animaux,Planète Animale,7:08,"2,1 M vues",Il y a 1 semaine
,Je me suis réveillé avec un visiteur inattendu dans le jardin 🦊,Animaux,Aventure Sauvage,14:58,618 k vues,Il y a 1 semaine
,Pourquoi les poulpes changent-ils de couleur aussi rapidement ?,Animaux,BioLab Junior,10:46,834 k vues,Il y a 9 jours
,Mon chat refuse de dormir ailleurs que dans ce panier... voici pourquoi,Animaux,Animaux & Compagnie,8:53,"1,6 M vues",Il y a 5 jours
,Le plus beau vol d'aigle que j'aie réussi à filmer,Animaux,Aventure Sauvage,16:37,447 k vues,Il y a 2 semaines
,POV : un chiot découvre la neige pour la première fois ❄️,Animaux,Planète Animale,0:27,"6,3 M vues",Il y a 3 jours
,Je pensais que les paresseux dormaient toute la journée... pas du tout !,Animaux,Les Curieux de la Nature,11:24,958 k vues,Il y a 2 semaines
,Cette grenouille est presque impossible à voir... jusqu'à ce qu'elle bouge,Animaux,BioLab Junior,9:31,506 k vues,Il y a 12 jours
,Les cinq animaux qui construisent les nids les plus impressionnants,Animaux,Les Curieux de la Nature,13:42,"1,2 M vues",Il y a 1 mois
,J'ai accompagné un vétérinaire pendant toute une journée,Animaux,Animaux & Compagnie,18:16,691 k vues,Il y a 6 jours
,Le plus grand troupeau de caribous que j'aie observé,Animaux,Aventure Sauvage,15:49,342 k vues,Il y a 3 semaines
,Pourquoi les manchots glissent-ils sur le ventre ?,Animaux,Océan Bleu,8:18,"1,1 M vues",Il y a 11 jours
,J'ai construit un hôtel pour les insectes dans mon jardin 🐝,Animaux,BioLab Junior,17:22,528 k vues,Il y a 8 jours
,Ce bébé chèvre saute partout... et c'est impossible de ne pas sourire,Animaux,Planète Animale,6:57,"2,8 M vues",Il y a 5 jours
,Je découvre comment les écureuils retrouvent leurs provisions,Animaux,Les Curieux de la Nature,10:55,614 k vues,Il y a 2 semaines
,Pourquoi les baleines chantent-elles sous l'eau ?,Animaux,Océan Bleu,12:47,793 k vues,Il y a 10 jours
,Le castor le plus travaillant que j'aie jamais vu,Animaux,Aventure Sauvage,14:09,382 k vues,Il y a 4 semaines
,POV : un perroquet essaie de répéter ton prénom 🦜,Animaux,Animaux & Compagnie,0:35,"4,9 M vues",Il y a 2 jours
,Les animaux qui vivent là où presque rien ne pousse,Animaux,Les Curieux de la Nature,13:18,476 k vues,Il y a 1 semaine
,Je pensais observer un héron... mais un pygargue est arrivé,Animaux,Aventure Sauvage,16:43,563 k vues,Il y a 13 jours
,Mon lapin a trouvé la cachette parfaite pour ses friandises,Animaux,Animaux & Compagnie,7:41,"1,3 M vues",Il y a 6 jours
,Comment les tortues marines retrouvent-elles leur plage de naissance ?,Animaux,Océan Bleu,11:52,721 k vues,Il y a 3 semaines
,Cette araignée est beaucoup plus utile qu'on le croit,Animaux,BioLab Junior,9:44,498 k vues,Il y a 5 semaines
,J'ai filmé un renardeau qui découvrait le monde pour la première fois,Animaux,Planète Animale,15:27,687 k vues,Il y a 9 jours
,Le jour où un colibri s'est posé juste devant ma caméra,Animaux,Aventure Sauvage,8:12,"2,2 M vues",Il y a 4 jours
,Pourquoi les lémuriens passent-ils autant de temps au soleil ?,Animaux,Les Curieux de la Nature,10:33,551 k vues,Il y a 2 semaines
,Pourquoi les canards marchent-ils en file indienne ?,Animaux,Les Curieux de la Nature,9:48,781 k vues,Il y a 1 semaine
,Je suis resté complètement immobile... et un écureuil est monté sur mon sac 🐿️,Animaux,Aventure Sauvage,14:57,694 k vues,Il y a 5 jours
,Le poisson le plus coloré que j'aie vu en plongée,Animaux,Océan Bleu,16:13,472 k vues,Il y a 3 semaines
,Mon chien a appris un nouveau tour en moins de 10 minutes,Animaux,Animaux & Compagnie,8:36,"1,7 M vues",Il y a 6 jours
,POV : un bébé canard décide de te suivre partout 🦆,Animaux,Planète Animale,0:30,"5,6 M vues",Il y a 3 jours
,Les animaux qui changent complètement de couleur selon la saison,Animaux,BioLab Junior,12:42,609 k vues,Il y a 2 semaines
,Je découvre le plus grand papillon d'Amérique du Nord,Animaux,BioLab Junior,10:15,438 k vues,Il y a 8 jours
,Pourquoi les flamants dorment-ils sur une seule patte ?,Animaux,Les Curieux de la Nature,8:58,"1,4 M vues",Il y a 11 jours
,J'ai observé une famille de ratons laveurs pendant toute une soirée,Animaux,Aventure Sauvage,17:24,531 k vues,Il y a 2 semaines
,Le chat de la maison a décidé d'adopter un jouet... pour toujours 😹,Animaux,Animaux & Compagnie,7:49,"2,3 M vues",Il y a 9 jours
,Les plus incroyables migrations animales vues du ciel,Animaux,Planète Animale,18:36,812 k vues,Il y a 1 mois
,Je pensais filmer un cerf... jusqu'à ce qu'un orignal apparaisse,Animaux,Aventure Sauvage,15:41,486 k vues,Il y a 12 jours
,Comment les fourmis retrouvent-elles toujours leur chemin ?,Animaux,BioLab Junior,11:26,663 k vues,Il y a 4 semaines
,Le plus petit oiseau que j'aie réussi à photographier,Animaux,Planète Animale,9:12,527 k vues,Il y a 1 semaine
,Pourquoi les phoques semblent-ils toujours sourire ?,Animaux,Océan Bleu,10:54,892 k vues,Il y a 2 semaines
,Je fabrique un abreuvoir pour les oiseaux... et je ne m'attendais pas à autant de visiteurs,Animaux,Animaux & Compagnie,13:43,754 k vues,Il y a 5 jours
,POV : une chèvre grimpe partout... même là où tu ne t'y attends pas 🐐,Animaux,Planète Animale,0:28,"4,7 M vues",Il y a 2 jours
,Le secret des moustaches des chats enfin expliqué,Animaux,Les Curieux de la Nature,10:37,"1,1 M vues",Il y a 3 semaines
,J'ai passé une nuit à écouter les animaux de la forêt,Animaux,Aventure Sauvage,19:08,346 k vues,Il y a 10 jours
,Pourquoi les kangourous ne marchent-ils presque jamais en reculant ?,Animaux,BioLab Junior,9:53,582 k vues,Il y a 2 mois
,Le plus beau banc de poissons que j'aie rencontré sous l'eau,Animaux,Océan Bleu,17:35,429 k vues,Il y a 6 jours
,Cette maman hérisson avait une drôle de façon de transporter ses petits ❤️,Animaux,Planète Animale,8:41,"1,9 M vues",Il y a 13 jours
,Je découvre pourquoi les coraux sont essentiels à la vie marine,Animaux,Océan Bleu,14:22,514 k vues,Il y a 3 semaines
,Le concours de bâillements entre mon chien et moi 😂,Animaux,Animaux & Compagnie,6:46,"2,6 M vues",Il y a 4 jours
,Pourquoi les caméléons ne changent-ils pas seulement de couleur pour se camoufler ?,Animaux,BioLab Junior,12:08,637 k vues,Il y a 1 semaine
,Pourquoi mon pain ne levait jamais... jusqu'à aujourd'hui,Cuisine,Cuisine Express,11:52,713 k vues,Il y a 6 jours
,Le défi : cuisiner un souper complet avec seulement 15 $,Cuisine,Défi Cuisine,17:39,824 k vues,Il y a 2 semaines
,Je compare une pizza congelée avec une pizza maison,Cuisine,FoodLab,13:41,687 k vues,Il y a 11 jours
,Trois collations prêtes en moins de cinq minutes,Cuisine,Cuisine Express,8:35,"1,5 M vues",Il y a 1 mois
,J'ai enfin trouvé la meilleure recette de crêpes,Cuisine,Les Recettes de Mia,15:18,593 k vues,Il y a 8 jours
,Le gâteau d'anniversaire le plus simple que j'aie préparé,Cuisine,Chef Léo,19:07,478 k vues,Il y a 2 semaines
,Je teste la recette la plus populaire sur TikTok,Cuisine,FoodLab,14:26,"2,4 M vues",Il y a 4 jours
,Comment réussir des pâtes sans regarder une seule recette,Cuisine,Défi Cuisine,12:13,416 k vues,Il y a 5 semaines
,Mon petit frère note mes burgers sur 10 🍔,Cuisine,Défi Cuisine,10:54,936 k vues,Il y a 10 jours
,Pourquoi les cookies deviennent parfois trop durs ?,Cuisine,FoodLab,9:42,651 k vues,Il y a 13 jours
,Je prépare un déjeuner digne d'un hôtel... à la maison,Cuisine,Chef Léo,16:47,544 k vues,Il y a 3 semaines
,Le smoothie le plus rafraîchissant de l'été,Cuisine,Cuisine Express,7:58,"1,1 M vues",Il y a 1 semaine
,POV : tu coupes enfin un gâteau parfaitement du premier coup 🎂,Cuisine,Les Recettes de Mia,0:31,"3,8 M vues",Il y a 3 jours
,Je cuisine toute une journée sans utiliser le four,Cuisine,Défi Cuisine,18:56,372 k vues,Il y a 2 semaines
,Les cinq erreurs que je faisais toujours en préparant du riz,Cuisine,FoodLab,11:36,718 k vues,Il y a 9 jours
,Je transforme un simple sandwich en repas gourmand,Cuisine,Chef Léo,13:58,483 k vues,Il y a 6 jours
,Le chocolat chaud le plus crémeux que j'aie goûté,Cuisine,Les Recettes de Mia,9:27,824 k vues,Il y a 2 mois
,Je découvre pourquoi tout le monde ajoute une pincée de sel aux desserts,Cuisine,FoodLab,10:49,562 k vues,Il y a 12 jours
,Le défi cuisine que mes amis pensaient impossible à réussir,Cuisine,Défi Cuisine,15:43,679 k vues,Il y a 1 semaine
,Je prépare des tacos... mais mes amis choisissent tous les ingrédients 🌮,Cuisine,Défi Cuisine,13:54,"1,1 M vues",Il y a 5 jours
,Pourquoi les œufs brouillés des restaurants sont-ils si crémeux ?,Cuisine,FoodLab,9:38,892 k vues,Il y a 2 semaines
,Mon premier pain maison... et je suis surpris du résultat,Cuisine,Chef Léo,17:12,624 k vues,Il y a 1 semaine
,POV : tu goûtes enfin le brownie encore chaud 😍,Cuisine,Les Recettes de Mia,0:24,"4,9 M vues",Il y a 3 jours
,Je réalise un repas complet avec seulement cinq ingrédients,Cuisine,Cuisine Express,15:48,537 k vues,Il y a 8 jours
,Le plus beau plateau de fruits que j'aie préparé,Cuisine,Chef Léo,11:23,341 k vues,Il y a 3 semaines
,Je teste si les pâtes fraîches valent vraiment l'effort,Cuisine,FoodLab,14:16,703 k vues,Il y a 12 jours
,Peut-on cuisiner une pizza carrée aussi bonne qu'une ronde ?,Cuisine,Défi Cuisine,16:39,482 k vues,Il y a 2 semaines
,Le secret pour réussir des muffins bien moelleux,Cuisine,Les Recettes de Mia,10:07,"1,3 M vues",Il y a 6 jours
,Je prépare un pique-nique sans utiliser d'aliments emballés,Cuisine,Cuisine Express,18:02,396 k vues,Il y a 10 jours
,Pourquoi les crêpes de ma grand-mère étaient toujours parfaites ?,Cuisine,Chef Léo,12:44,958 k vues,Il y a 1 mois
,Je compare du chocolat blanc au lait et noir... lequel gagne ?,Cuisine,FoodLab,8:56,612 k vues,Il y a 9 jours
,Le défi : préparer un repas dont la couleur est entièrement verte 🥦,Cuisine,Défi Cuisine,14:58,781 k vues,Il y a 4 jours
,Trois desserts que tu peux préparer sans batteur,Cuisine,Les Recettes de Mia,11:35,"1,6 M vues",Il y a 2 semaines
,J'ai enfin réussi des frites croustillantes au four,Cuisine,Cuisine Express,13:49,547 k vues,Il y a 11 jours
,POV : le fromage fond exactement comme tu l'espérais 🧀,Cuisine,Chef Léo,0:29,"3,5 M vues",Il y a 2 jours
,Je cuisine uniquement avec des aliments de saison,Cuisine,Cuisine Express,16:27,422 k vues,Il y a 5 semaines
,Cette astuce change complètement la façon de couper un oignon,Cuisine,FoodLab,7:43,"2,2 M vues",Il y a 1 semaine
,Le défi des cupcakes décorés... sans utiliser de poche à douille,Cuisine,Les Recettes de Mia,15:06,694 k vues,Il y a 13 jours
,Je prépare le meilleur grilled cheese de ma vie,Cuisine,Chef Léo,10:58,846 k vues,Il y a 6 jours
,Pourquoi certaines pommes deviennent-elles brunes si vite ?,Cuisine,FoodLab,9:14,571 k vues,Il y a 3 semaines
,Mon père choisit le menu... je dois tout cuisiner 😅,Cuisine,Défi Cuisine,17:48,735 k vues,Il y a 8 jours
,Je découvre un fruit que je n'avais jamais goûté auparavant,Cuisine,Cuisine Express,12:26,458 k vues,Il y a 2 semaines
,Le smoothie qui me donne envie de déjeuner tous les matins,Cuisine,Les Recettes de Mia,8:38,989 k vues,Il y a 5 jours
,Je pensais que cette recette était compliquée... elle est finalement super facile !,Cuisine,Chef Léo,14:35,643 k vues,Il y a 1 semaine
,Je prépare le souper avec les ingrédients choisis par un dé 🎲,Cuisine,Défi Cuisine,15:28,918 k vues,Il y a 6 jours
,Pourquoi les pâtes collent-elles parfois entre elles ?,Cuisine,FoodLab,9:41,684 k vues,Il y a 2 semaines
,J'ai tenté de faire des croissants... et je comprends enfin pourquoi c'est si difficile,Cuisine,Chef Léo,18:56,527 k vues,Il y a 9 jours
,POV : tu verses enfin le sirop sur des crêpes toutes chaudes 🥞,Cuisine,Les Recettes de Mia,0:26,"4,2 M vues",Il y a 3 jours
,Je transforme les restes du frigo en repas que tout le monde redemande,Cuisine,Cuisine Express,16:11,603 k vues,Il y a 1 semaine
,Le meilleur sandwich que j'aie préparé avec seulement trois ingrédients,Cuisine,Chef Léo,11:54,746 k vues,Il y a 5 jours
,Je compare des céréales populaires... certaines m'ont vraiment surpris,Cuisine,FoodLab,12:47,512 k vues,Il y a 3 semaines
,Le défi : cuisiner sans utiliser un seul couteau,Cuisine,Défi Cuisine,14:19,"1,1 M vues",Il y a 8 jours
,Trois recettes parfaites pour un lunch d'école,Cuisine,Cuisine Express,13:38,838 k vues,Il y a 12 jours
,Pourquoi certaines pizzas gonflent-elles plus que d'autres ?,Cuisine,FoodLab,10:08,573 k vues,Il y a 1 mois
,Je prépare un dessert seulement avec des fruits,Cuisine,Les Recettes de Mia,15:46,497 k vues,Il y a 2 semaines
,Mon premier essai de soupe maison... et elle est meilleure que prévu,Cuisine,Chef Léo,17:03,421 k vues,Il y a 11 jours
,POV : les muffins sortent du four exactement comme tu l'espérais 🧁,Cuisine,Les Recettes de Mia,0:31,"3,9 M vues",Il y a 2 jours
,Le fromage le plus étrange que j'aie goûté,Cuisine,Cuisine Express,9:17,654 k vues,Il y a 4 semaines
,Je teste une recette vieille de plus de 100 ans,Cuisine,Chef Léo,18:24,384 k vues,Il y a 10 jours
,Le secret des meilleures pommes de terre rôties,Cuisine,FoodLab,11:42,931 k vues,Il y a 1 semaine
,J'ai préparé un repas complet sans utiliser d'électricité,Cuisine,Défi Cuisine,19:08,566 k vues,Il y a 2 semaines
,Pourquoi le beurre change-t-il autant le goût d'un gâteau ?,Cuisine,FoodLab,8:54,608 k vues,Il y a 13 jours
,Je découvre une collation populaire dans un autre pays,Cuisine,Cuisine Express,12:59,441 k vues,Il y a 5 jours
,Le brownie le plus fondant que j'aie jamais réussi,Cuisine,Les Recettes de Mia,14:44,"1,4 M vues",Il y a 3 semaines
,Mon défi : cuisiner un repas rouge du début à la fin 🍅,Cuisine,Défi Cuisine,16:37,729 k vues,Il y a 8 jours
,Je pensais que les gaufres étaient faciles... jusqu'à aujourd'hui,Cuisine,Chef Léo,13:21,517 k vues,Il y a 6 jours
,Pourquoi ajoute-t-on parfois une pincée de sucre dans une sauce ?,Cuisine,FoodLab,9:33,786 k vues,Il y a 2 semaines
,Le repas préféré de mon enfance... revisité aujourd'hui,Cuisine,Chef Léo,15:53,692 k vues,Il y a 1 mois
,Je prépare un buffet pour toute ma famille sans dépasser mon budget,Cuisine,Cuisine Express,18:15,548 k vues,Il y a 9 jours
,Je cuisine tout un repas avec des ingrédients qui commencent par la même lettre,Cuisine,Défi Cuisine,16:22,782 k vues,Il y a 6 jours
,Pourquoi le caramel durcit-il parfois beaucoup trop vite ?,Cuisine,FoodLab,10:14,691 k vues,Il y a 2 semaines
,Ma première lasagne maison... je ne pensais pas que ce serait aussi bon,Cuisine,Chef Léo,18:37,613 k vues,Il y a 1 semaine
,POV : tu casses un œuf... et le jaune reste parfaitement intact 🍳,Cuisine,Les Recettes de Mia,0:23,"4,3 M vues",Il y a 3 jours
,Je prépare cinq collations parfaites pour une sortie en plein air,Cuisine,Cuisine Express,14:18,507 k vues,Il y a 8 jours
,Le secret d'une purée de pommes de terre ultra crémeuse,Cuisine,Chef Léo,11:47,964 k vues,Il y a 3 semaines
,Je goûte des fruits que je n'avais jamais vus auparavant,Cuisine,Cuisine Express,13:29,583 k vues,Il y a 11 jours
,Le défi : réussir un repas sans utiliser de cuillère,Cuisine,Défi Cuisine,15:52,"1,2 M vues",Il y a 5 jours
,Pourquoi certaines pâtes restent-elles toujours al dente ?,Cuisine,FoodLab,9:26,744 k vues,Il y a 2 mois
,Trois recettes faciles pour impressionner tes invités,Cuisine,Les Recettes de Mia,12:36,"1,1 M vues",Il y a 10 jours
,Je transforme un simple riz en repas digne d'un restaurant,Cuisine,Chef Léo,17:14,496 k vues,Il y a 2 semaines
,POV : le fromage gratine exactement comme dans les vidéos 🤤,Cuisine,Chef Léo,0:30,"3,7 M vues",Il y a 2 jours
,Je prépare un menu complet inspiré de l'Italie,Cuisine,Cuisine Express,18:21,439 k vues,Il y a 13 jours
,Cette boisson maison est devenue mon incontournable de l'été,Cuisine,Les Recettes de Mia,8:42,856 k vues,Il y a 1 semaine
,Pourquoi les biscuits craquent-ils parfois sur le dessus ?,Cuisine,FoodLab,10:57,612 k vues,Il y a 3 semaines
,Je cuisine les yeux bandés... avec les conseils de mes amis,Cuisine,Défi Cuisine,16:44,917 k vues,Il y a 6 jours
,Le meilleur accompagnement pour un barbecue d'été,Cuisine,Chef Léo,13:58,541 k vues,Il y a 9 jours
,Je découvre un légume que je n'avais jamais osé cuisiner,Cuisine,Cuisine Express,12:41,473 k vues,Il y a 4 semaines
,Mon défi : préparer un dessert sans chocolat... et tout le monde en redemande,Cuisine,Défi Cuisine,15:07,688 k vues,Il y a 12 jours
,Pourquoi la pâte à biscuits est-elle si différente avant et après la cuisson ?,Cuisine,FoodLab,9:48,777 k vues,Il y a 2 semaines
,Je refais le repas préféré de mon grand-père,Cuisine,Chef Léo,17:33,635 k vues,Il y a 5 jours
,Le smoothie le plus coloré que j'aie préparé 🍓🥭🥝,Cuisine,Les Recettes de Mia,7:56,"1,5 M vues",Il y a 8 jours
,Je teste des ustensiles de cuisine vraiment étranges,Cuisine,FoodLab,14:39,592 k vues,Il y a 1 mois
,Peut-on préparer un repas complet avec seulement un micro-ondes ?,Cuisine,Cuisine Express,13:17,829 k vues,Il y a 11 jours
,Le défi cuisine qui nous a fait le plus rire depuis longtemps 😂,Cuisine,Défi Cuisine,18:03,973 k vues,Il y a 1 semaine
,Je pensais que l'impression 3D était compliquée... jusqu'à aujourd'hui,Sciences et technologie,Labo Curieux,15:37,502 k vues,Il y a 10 jours
,Pourquoi les éclairs sont-ils aussi lumineux ?,Sciences et technologie,Explique-moi Ça,8:47,963 k vues,Il y a 1 mois
,Je construis un pont en papier... combien de livres va-t-il supporter ?,Sciences et technologie,Science Défi,13:56,687 k vues,Il y a 6 jours
,Le drone le plus facile à programmer que j'aie essayé,Sciences et technologie,TechLab Junior,17:44,438 k vues,Il y a 2 semaines
,Comment Internet traverse-t-il les océans ?,Sciences et technologie,Minute Science,10:33,"1,3 M vues",Il y a 9 jours
,Je teste une expérience scientifique vue sur Internet,Sciences et technologie,Science Défi,14:18,824 k vues,Il y a 4 jours
,Pourquoi les volcans n'entrent-ils pas tous en éruption ?,Sciences et technologie,Explique-moi Ça,11:12,716 k vues,Il y a 3 semaines
,J'ai programmé mon premier jeu vidéo en moins de 30 minutes,Sciences et technologie,Code & Création,19:06,556 k vues,Il y a 12 jours
,Le mystère des trous noirs expliqué avec un simple drap,Sciences et technologie,Minute Science,12:58,"2,1 M vues",Il y a 2 mois
,POV : ton premier robot réussit enfin à avancer tout seul 🎉,Sciences et technologie,TechLab Junior,0:31,"3,9 M vues",Il y a 3 jours
,Je découvre pourquoi Mars est surnommée la planète rouge,Sciences et technologie,Labo Curieux,16:25,482 k vues,Il y a 2 semaines
,Le défi : construire la plus haute tour avec seulement des pailles,Sciences et technologie,Science Défi,15:04,734 k vues,Il y a 7 jours
,Pourquoi les aimants attirent-ils certains métaux mais pas tous ?,Sciences et technologie,Explique-moi Ça,9:52,871 k vues,Il y a 11 jours
,J'observe des cellules végétales au microscope pour la première fois,Sciences et technologie,Labo Curieux,13:48,396 k vues,Il y a 5 semaines
,Je compare un vieux téléphone avec un modèle d'aujourd'hui 📱,Sciences et technologie,TechLab Junior,11:36,"1,1 M vues",Il y a 6 jours
,Comment les satellites savent-ils où ils sont ?,Sciences et technologie,Minute Science,10:44,649 k vues,Il y a 2 semaines
,Je croyais connaître les dinosaures... cette découverte m'a surpris,Sciences et technologie,Explique-moi Ça,14:27,"1,4 M vues",Il y a 1 semaine
,Le plus petit moteur électrique que j'aie fabriqué ⚡,Sciences et technologie,Science Défi,17:18,518 k vues,Il y a 9 jours
,Cette invention vieille de 2 000 ans fonctionne encore aujourd'hui,Sciences et technologie,Labo Curieux,12:39,782 k vues,Il y a 3 semaines
,Je construis une voiture propulsée uniquement par un ballon 🎈,Sciences et technologie,Science Défi,15:23,846 k vues,Il y a 8 jours
,Pourquoi la Lune nous montre-t-elle toujours la même face ?,Sciences et technologie,Minute Science,10:18,"1,6 M vues",Il y a 2 semaines
,J'ai fabriqué une lampe qui fonctionne sans pile... ou presque 💡,Sciences et technologie,Labo Curieux,14:41,637 k vues,Il y a 6 jours
,POV : ton programme fonctionne enfin du premier coup 💻,Sciences et technologie,Code & Création,0:24,"3,8 M vues",Il y a 3 jours
,Je teste si une intelligence artificielle peut résoudre mes devoirs de maths,Sciences et technologie,TechLab Junior,17:36,"1,1 M vues",Il y a 5 jours
,Le plus grand télescope que j'aie eu la chance d'utiliser,Sciences et technologie,Minute Science,18:07,524 k vues,Il y a 3 semaines
,Pourquoi les avions restent-ils dans le ciel ?,Sciences et technologie,Explique-moi Ça,9:44,982 k vues,Il y a 10 jours
,Je programme un mini-feu de circulation avec quelques composants électroniques,Sciences et technologie,Code & Création,16:58,473 k vues,Il y a 2 semaines
,Le défi : construire un pont qui supporte une brique avec seulement du papier,Sciences et technologie,Science Défi,13:29,691 k vues,Il y a 12 jours
,Cette illusion d'optique trompe presque tout le monde 👀,Sciences et technologie,Labo Curieux,8:35,"2,2 M vues",Il y a 1 semaine
,Pourquoi le verre est-il transparent ?,Sciences et technologie,Explique-moi Ça,10:57,714 k vues,Il y a 1 mois
,Je découvre comment les robots voient le monde autour d'eux,Sciences et technologie,TechLab Junior,15:12,589 k vues,Il y a 9 jours
,Les cinq plus grandes erreurs de l'histoire des inventions,Sciences et technologie,Minute Science,12:46,856 k vues,Il y a 2 mois
,J'ai construit une alarme de porte avec un circuit électrique simple,Sciences et technologie,Code & Création,18:19,442 k vues,Il y a 4 jours
,POV : ton volcan entre enfin en éruption 🌋,Sciences et technologie,Science Défi,0:29,"4,6 M vues",Il y a 2 jours
,Pourquoi certains métaux rouillent-ils et d'autres non ?,Sciences et technologie,Explique-moi Ça,11:08,633 k vues,Il y a 2 semaines
,Je pensais que l'espace était silencieux... voici la vraie explication,Sciences et technologie,Minute Science,14:17,"1,3 M vues",Il y a 11 jours
,Je fabrique une grue miniature qui soulève vraiment des objets,Sciences et technologie,Labo Curieux,17:42,396 k vues,Il y a 5 semaines
,Le défi de programmation que je n'arrivais jamais à terminer,Sciences et technologie,Code & Création,13:51,514 k vues,Il y a 7 jours
,Comment les GPS savent-ils exactement où tu te trouves ?,Sciences et technologie,TechLab Junior,10:26,948 k vues,Il y a 3 semaines
,Je découvre pourquoi les bulles sont toujours rondes,Sciences et technologie,Explique-moi Ça,9:11,781 k vues,Il y a 13 jours
,Cette expérience avec de la glace m'a complètement surpris ❄️,Sciences et technologie,Labo Curieux,11:53,"1,5 M vues",Il y a 6 jours
,Peut-on fabriquer de l'électricité avec un citron ?,Sciences et technologie,Science Défi,16:14,724 k vues,Il y a 1 semaine
,Je compare une vieille console de jeux avec un ordinateur moderne,Sciences et technologie,TechLab Junior,14:36,468 k vues,Il y a 4 semaines
,Le satellite qui photographie la Terre tous les jours 🛰️,Sciences et technologie,Minute Science,12:04,612 k vues,Il y a 10 jours
,J'ai fabriqué une éolienne qui produit vraiment de l'électricité 🌬️,Sciences et technologie,Labo Curieux,17:11,598 k vues,Il y a 1 semaine
,Pourquoi les astronautes flottent-ils dans la Station spatiale ?,Sciences et technologie,Minute Science,10:52,"1,9 M vues",Il y a 2 semaines
,Le défi : construire le plus haut gratte-ciel avec des spaghettis,Sciences et technologie,Science Défi,15:37,821 k vues,Il y a 8 jours
,POV : ton robot évite enfin les obstacles tout seul 🤖,Sciences et technologie,TechLab Junior,0:30,"4,1 M vues",Il y a 3 jours
,Je programme un mini-jeu en moins d'une heure,Sciences et technologie,Code & Création,18:06,517 k vues,Il y a 5 jours
,Pourquoi les avions laissent-ils parfois une longue traînée blanche ?,Sciences et technologie,Explique-moi Ça,9:43,"1,2 M vues",Il y a 3 semaines
,Je pensais que les imprimantes 3D imprimaient seulement du plastique...,Sciences et technologie,Labo Curieux,14:56,654 k vues,Il y a 11 jours
,Les cinq découvertes scientifiques faites complètement par hasard,Sciences et technologie,Minute Science,12:48,937 k vues,Il y a 1 mois
,Je construis une catapulte miniature avec des bâtonnets de bois,Sciences et technologie,Science Défi,16:28,583 k vues,Il y a 9 jours
,Cette expérience avec un laser est encore plus impressionnante que prévu ✨,Sciences et technologie,Labo Curieux,11:35,"1,6 M vues",Il y a 4 jours
,Comment un robot reconnaît-il une personne ?,Sciences et technologie,TechLab Junior,13:24,731 k vues,Il y a 2 semaines
,Pourquoi les planètes ne tombent-elles jamais sur le Soleil ?,Sciences et technologie,Explique-moi Ça,10:37,"1,4 M vues",Il y a 12 jours
,Je construis un bras robotisé avec des objets recyclés,Sciences et technologie,TechLab Junior,19:02,429 k vues,Il y a 6 jours
,Le microscope révèle un monde que je n'imaginais pas 🔬,Sciences et technologie,Labo Curieux,15:18,648 k vues,Il y a 3 semaines
,POV : ton expérience fonctionne du premier essai 🎉,Sciences et technologie,Science Défi,0:27,"3,7 M vues",Il y a 2 jours
,Pourquoi les fusées décollent-elles toujours verticalement ?,Sciences et technologie,Minute Science,11:49,812 k vues,Il y a 1 semaine
,J'ai demandé à une IA de dessiner l'invention du futur... puis je l'ai construite,Sciences et technologie,Code & Création,17:44,"1,1 M vues",Il y a 10 jours
,Cette expérience avec des aimants semble impossible... pourtant elle fonctionne,Sciences et technologie,Science Défi,12:58,694 k vues,Il y a 2 semaines
,Comment les panneaux solaires produisent-ils de l'électricité ?,Sciences et technologie,Explique-moi Ça,9:58,884 k vues,Il y a 5 semaines
,Je découvre le plus ancien ordinateur mécanique du monde,Sciences et technologie,Minute Science,13:46,562 k vues,Il y a 13 jours
,Le défi de programmation qui m'a appris à penser autrement,Sciences et technologie,Code & Création,16:53,488 k vues,Il y a 8 jours
,Pourquoi les bulles de savon brillent-elles de toutes les couleurs ?,Sciences et technologie,Explique-moi Ça,8:44,"1,3 M vues",Il y a 2 mois
,J'ai fabriqué une mini-serre entièrement automatique 🌱,Sciences et technologie,Labo Curieux,18:21,406 k vues,Il y a 9 jours
,La découverte scientifique qui a commencé par... une erreur,Sciences et technologie,Minute Science,12:15,978 k vues,Il y a 4 semaines
,Je teste un clavier contrôlé uniquement avec des bananes 🍌,Sciences et technologie,TechLab Junior,14:33,"2,5 M vues",Il y a 5 jours
,Je construis une machine de Rube Goldberg qui fonctionne enfin !,Sciences et technologie,Science Défi,18:12,746 k vues,Il y a 6 jours
,Pourquoi les étoiles scintillent-elles alors que les planètes presque jamais ?,Sciences et technologie,Minute Science,10:41,"1,8 M vues",Il y a 2 semaines
,J'ai fabriqué une horloge alimentée par... une pomme 🍎,Sciences et technologie,Labo Curieux,15:37,618 k vues,Il y a 9 jours
,POV : ton premier programme affiche enfin « Bonjour le monde ! » 💻,Sciences et technologie,Code & Création,0:26,"3,5 M vues",Il y a 3 jours
,Je demande à une IA de résoudre un casse-tête... puis j'essaie de faire mieux,Sciences et technologie,TechLab Junior,16:54,"1,2 M vues",Il y a 5 jours
,Les inventions qui semblaient absurdes... avant de changer le monde,Sciences et technologie,Minute Science,13:18,904 k vues,Il y a 1 mois
,Je teste combien de poids un pont en carton peut réellement supporter,Sciences et technologie,Science Défi,14:45,677 k vues,Il y a 12 jours
,Pourquoi les arcs-en-ciel ont-ils toujours la même forme ?,Sciences et technologie,Explique-moi Ça,9:57,"1,1 M vues",Il y a 3 semaines
,J'ai transformé une vieille boîte en coffre-fort électronique,Sciences et technologie,Code & Création,17:09,493 k vues,Il y a 1 semaine
,Cette expérience avec l'air comprimé m'a complètement surpris 💨,Sciences et technologie,Labo Curieux,11:26,"1,4 M vues",Il y a 8 jours
,Comment un code QR peut-il contenir autant d'informations ?,Sciences et technologie,Explique-moi Ça,10:14,712 k vues,Il y a 2 semaines
,Je découvre comment les robots apprennent à éviter les obstacles,Sciences et technologie,TechLab Junior,15:58,582 k vues,Il y a 11 jours
,Le défi : construire un véhicule qui avance sans moteur,Sciences et technologie,Science Défi,16:43,835 k vues,Il y a 4 jours
,Pourquoi les aurores boréales illuminent-elles le ciel ?,Sciences et technologie,Minute Science,12:37,"2,3 M vues",Il y a 2 mois
,POV : ta fusée en papier vole enfin jusqu'au fond du gymnase 🚀,Sciences et technologie,Science Défi,0:29,"4,0 M vues",Il y a 2 jours
,J'ai créé un détecteur de lumière avec quelques composants électroniques,Sciences et technologie,Code & Création,18:24,431 k vues,Il y a 10 jours
,Le plus petit ordinateur que j'aie jamais utilisé,Sciences et technologie,TechLab Junior,13:46,654 k vues,Il y a 3 semaines
,Pourquoi les glaçons flottent-ils au lieu de couler ?,Sciences et technologie,Explique-moi Ça,8:49,987 k vues,Il y a 6 jours
,Je construis une griffe mécanique pour ramasser des objets,Sciences et technologie,Labo Curieux,17:33,517 k vues,Il y a 13 jours
,Comment les voitures électriques récupèrent-elles de l'énergie en freinant ?,Sciences et technologie,Minute Science,11:53,743 k vues,Il y a 1 semaine
,J'ai fabriqué un mini phare qui s'allume automatiquement la nuit,Sciences et technologie,Code & Création,15:21,469 k vues,Il y a 5 semaines
,Cette réaction chimique change de couleur sous mes yeux 🧪,Sciences et technologie,Labo Curieux,10:32,"1,7 M vues",Il y a 9 jours
,Pourquoi les satellites ne tombent-ils jamais sur la Terre ?,Sciences et technologie,Explique-moi Ça,9:38,"1,2 M vues",Il y a 2 semaines
,Je compare les premiers robots industriels avec ceux d'aujourd'hui,Sciences et technologie,TechLab Junior,14:57,538 k vues,Il y a 4 semaines
,Le projet scientifique qui a impressionné toute ma classe,Sciences et technologie,Science Défi,16:08,689 k vues,Il y a 1 semaine
,Je joue à Pokémon avec une équipe choisie complètement au hasard,Jeux vidéo,GameZone Québec,19:35,438 k vues,Il y a 2 semaines
,Pourquoi tout le monde parle encore de ce vieux niveau de Geometry Dash ?,Jeux vidéo,NovaPlay,8:57,286 k vues,Il y a 8 jours
,Je transforme mon île Animal Crossing avant la rentrée scolaire,Jeux vidéo,PixelMax,17:23,194 k vues,Il y a 10 jours
,Rocket League : le but le plus chanceux de toute ma vie,Jeux vidéo,Sam Gaming,7:36,"1,1 M vues",Il y a 1 mois
,Je découvre enfin ce qu'il y avait au fond de l'océan dans Subnautica,Jeux vidéo,PlayLab,21:47,678 k vues,Il y a 3 semaines
,J'ai retrouvé ma première sauvegarde Minecraft de 2018,Jeux vidéo,NovaPlay,14:19,905 k vues,Il y a 2 jours
,Le défi LEGO Fortnite qui semblait impossible... jusqu'à aujourd'hui,Jeux vidéo,Les Défis de Léo,15:54,357 k vues,Il y a 12 jours
,Mon chat regarde Brawl Stars avec moi... sa réaction est parfaite 🐱,Jeux vidéo,PixelMax,6:44,742 k vues,Il y a 5 mois
,Je tente de battre mon père à FIFA pour la première fois,Jeux vidéo,Sam Gaming,12:31,609 k vues,Il y a 4 jours
,Pourquoi ce monde Minecraft est devenu célèbre sans que personne ne joue dessus ?,Jeux vidéo,GameZone Québec,10:15,483 k vues,Il y a 3 mois
,Je reconstruis le château de Zelda avec des blocs LEGO,Jeux vidéo,PlayLab,23:18,156 k vues,Il y a 1 semaine
,Ce personnage oublié de Super Smash Bros mérite une deuxième chance,Jeux vidéo,NovaPlay,9:52,271 k vues,Il y a 9 jours
,Une journée complète à jouer seulement avec des objets trouvés au hasard,Jeux vidéo,Turbo Gaming,18:06,512 k vues,Il y a 2 semaines
,Je pensais connaître Terraria... jusqu'à ce que je découvre cette grotte,Jeux vidéo,PixelMax,16:42,391 k vues,Il y a 11 jours
,Le tournoi de Mario Kart de notre classe a eu une fin inattendue,Jeux vidéo,Les Défis de Léo,13:09,829 k vues,Il y a 6 jours
,J'ai demandé à ma grand-mère de créer mon personnage Roblox,Jeux vidéo,GameZone Québec,8:39,"1,3 M vues",Il y a 1 mois
,Parmi Us : la stratégie la plus drôle que personne n'avait essayée,Jeux vidéo,PlayLab,11:58,447 k vues,Il y a 2 mois
,Le niveau secret que presque tous les joueurs ratent dans Trackmania,Jeux vidéo,Turbo Gaming,15:27,233 k vues,Il y a 2 semaines
,Je n'avais jamais vu une victoire comme celle-ci dans Fall Guys,Jeux vidéo,Sam Gaming,7:58,690 k vues,Il y a 1 semaine
,J'ai tenté de survivre une journée entière sans quitter mon premier biome dans Minecraft,Jeux vidéo,Cube Aventure,17:51,584 k vues,Il y a 9 jours
,Pourquoi tout le monde rate ce mini-jeu dans Roblox ?,Jeux vidéo,GameZone Québec,9:34,411 k vues,Il y a 3 semaines
,Ma petite sœur a décoré ma base Minecraft... et j'ai tout gardé !,Jeux vidéo,PixelMax,12:18,768 k vues,Il y a 5 jours
,Je joue à Mario Kart avec un volant en carton fabriqué à la maison,Jeux vidéo,Les Défis de Léo,14:07,925 k vues,Il y a 2 semaines
,Le coffre le plus inutile... qui contenait finalement un trésor,Jeux vidéo,NovaPlay,10:49,352 k vues,Il y a 1 mois
,Je crée un zoo géant dans Planet Zoo sans dépasser mon budget,Jeux vidéo,Cube Aventure,21:36,241 k vues,Il y a 8 jours
,Le skin que tout le monde voulait dans Fortnite... est-il vraiment si spécial ?,Jeux vidéo,Turbo Gaming,11:53,"1,6 M vues",Il y a 4 semaines
,J'ai demandé à mes abonnés de choisir ma prochaine mission Pokémon,Jeux vidéo,PlayLab,15:24,507 k vues,Il y a 12 jours
,Cette course Trackmania semblait impossible jusqu'à ce que je voie cette ligne parfaite,Jeux vidéo,Turbo Gaming,8:42,398 k vues,Il y a 6 jours
,Peut-on construire une ville entière avec seulement du bois dans Minecraft ?,Jeux vidéo,PixelMax,19:55,"1,2 M vues",Il y a 2 mois
,Le jour où tout notre serveur Roblox est devenu complètement silencieux,Jeux vidéo,GameZone Québec,13:46,284 k vues,Il y a 1 semaine
,Je découvre enfin pourquoi tout le monde adore Stardew Valley,Jeux vidéo,NovaPlay,16:09,462 k vues,Il y a 2 semaines
,J'ai transformé le pire personnage en véritable héros dans Brawl Stars,Jeux vidéo,Sam Gaming,10:57,643 k vues,Il y a 4 jours
,Mon défi : terminer Fall Guys sans tomber une seule fois,Jeux vidéo,Les Défis de Léo,9:58,734 k vues,Il y a 11 jours
,Les plus beaux paysages que j'ai trouvés en explorant Zelda,Jeux vidéo,Cube Aventure,18:31,557 k vues,Il y a 3 semaines
,Je n'avais jamais remarqué ce bruit caché dans Among Us,Jeux vidéo,PlayLab,7:45,389 k vues,Il y a 1 mois
,Comment un simple changement de stratégie m'a fait gagner à Clash Royale,Jeux vidéo,Sam Gaming,12:27,826 k vues,Il y a 10 jours
,J'ai organisé une chasse au trésor géante dans Animal Crossing,Jeux vidéo,PixelMax,20:14,317 k vues,Il y a 5 semaines
,Le circuit le plus drôle jamais créé dans Mario Maker,Jeux vidéo,NovaPlay,11:36,278 k vues,Il y a 2 jours
,Mon premier speedrun... et je ne m'attendais vraiment pas à ce résultat,Jeux vidéo,PlayLab,13:58,489 k vues,Il y a 9 jours
,Je laisse la roue du hasard choisir mon équipement dans Fortnite,Jeux vidéo,Turbo Gaming,14:41,"1,1 M vues",Il y a 1 semaine
,Pourquoi les nouveaux joueurs font presque tous cette erreur dans Terraria,Jeux vidéo,Cube Aventure,15:32,364 k vues,Il y a 3 jours
,Le plus beau coucher de soleil que j'ai vu dans un jeu vidéo,Jeux vidéo,PixelMax,6:51,214 k vues,Il y a 2 semaines
,Je défie mon grand-père dans Wii Sports... et il me surprend complètement,Jeux vidéo,Les Défis de Léo,9:16,958 k vues,Il y a 6 mois
,Cette mission secondaire valait largement le détour,Jeux vidéo,NovaPlay,17:12,405 k vues,Il y a 13 jours
,J'ai confié toute ma partie Minecraft à mon petit cousin pendant 30 minutes,Jeux vidéo,PixelMax,15:48,684 k vues,Il y a 1 semaine
,Cette quête secondaire était cachée depuis le début... et je suis passé à côté pendant des années,Jeux vidéo,Cube Aventure,18:36,431 k vues,Il y a 3 semaines
,Je construis une maison ronde dans Minecraft... c'était beaucoup plus difficile que prévu,Jeux vidéo,PixelMax,20:17,918 k vues,Il y a 9 jours
,On échange nos objectifs dans Fortnite sans les connaître d'avance,Jeux vidéo,Les Défis de Léo,13:02,562 k vues,Il y a 2 semaines
,J'ai trouvé le coin le plus paisible de tout Animal Crossing,Jeux vidéo,NovaPlay,11:44,249 k vues,Il y a 6 jours
,Le raccourci que j'utilisais depuis toujours était finalement le plus lent,Jeux vidéo,Turbo Gaming,9:31,796 k vues,Il y a 5 jours
,Je laisse ChatGPT me proposer un défi Minecraft complètement inédit,Jeux vidéo,PlayLab,16:58,"1,7 M vues",Il y a 2 mois
,POV : tu réussis enfin le saut que tu rates depuis une heure 🎮,Jeux vidéo,Turbo Gaming,0:24,"4,1 M vues",Il y a 4 jours
,Ce coffre semblait vide... jusqu'à ce que je regarde une deuxième fois,Jeux vidéo,Cube Aventure,10:53,318 k vues,Il y a 12 jours
,Mon chien choisit le prochain jeu auquel je dois jouer 🐶,Jeux vidéo,Sam Gaming,8:46,"1,2 M vues",Il y a 1 semaine
,Je joue à Roblox avec les paramètres graphiques au maximum,Jeux vidéo,GameZone Québec,14:39,525 k vues,Il y a 10 jours
,Pourquoi cette vieille carte Fortnite est encore la préférée des joueurs ?,Jeux vidéo,NovaPlay,12:55,973 k vues,Il y a 1 mois
,Je termine un donjon sans utiliser la moindre potion,Jeux vidéo,Cube Aventure,17:11,402 k vues,Il y a 2 semaines
,Ce mini-jeu caché est presque impossible à trouver,Jeux vidéo,PlayLab,7:52,364 k vues,Il y a 3 jours
,Le plus beau ralenti que j'ai réussi dans Rocket League,Jeux vidéo,Turbo Gaming,0:37,"2,9 M vues",Il y a 5 jours
,J'ai demandé à une roue de choisir tous mes équipements,Jeux vidéo,Les Défis de Léo,13:27,609 k vues,Il y a 8 jours
,Je croyais avoir tout vu... puis ce joueur est arrivé,Jeux vidéo,Sam Gaming,9:58,441 k vues,Il y a 13 jours
,Les cinq astuces que j'aurais aimé connaître quand j'ai commencé Minecraft,Jeux vidéo,PixelMax,19:24,"1,3 M vues",Il y a 3 mois
,Pourquoi cette musique de jeu donne autant de nostalgie ?,Jeux vidéo,Retro Fun,10:18,517 k vues,Il y a 2 semaines
,Le défi le plus drôle qu'un abonné m'ait proposé,Jeux vidéo,GameZone Québec,11:36,688 k vues,Il y a 6 jours
,Je visite une map construite entièrement par des élèves,Jeux vidéo,PlayLab,15:21,295 k vues,Il y a 1 semaine
,Cette partie semblait perdue... jusqu'à la dernière seconde,Jeux vidéo,Turbo Gaming,8:57,854 k vues,Il y a 11 jours
,Je découvre un jeu dont personne ne parle... et il mérite vraiment d'être connu,Jeux vidéo,Retro Fun,16:42,208 k vues,Il y a 4 semaines
,Le bug le plus amusant que j'aie rencontré cette année 😂,Jeux vidéo,Sam Gaming,6:51,"1,5 M vues",Il y a 9 jours
,Je laisse le hasard choisir mon prochain jeu pendant tout un week-end,Jeux vidéo,Les Défis de Léo,18:08,573 k vues,Il y a 2 semaines
,POV : tu trouves enfin des diamants... puis un Creeper apparaît 💥,Jeux vidéo,PixelMax,0:34,"3,2 M vues",Il y a 4 jours
,Je n'avais jamais osé ouvrir cette porte dans Minecraft,Jeux vidéo,Cube Aventure,16:27,687 k vues,Il y a 2 semaines
,On échange nos manettes en pleine partie... mauvaise idée !,Jeux vidéo,Les Défis de Léo,12:03,918 k vues,Il y a 5 jours
,Le mystère de cette maison abandonnée dans Roblox enfin résolu,Jeux vidéo,NovaPlay,14:51,496 k vues,Il y a 1 semaine
,J'essaie le combo préféré des champions sur Rocket League,Jeux vidéo,Turbo Gaming,10:22,732 k vues,Il y a 11 jours
,Cette île Minecraft cache un détail que presque personne ne remarque,Jeux vidéo,PixelMax,8:45,"1,8 M vues",Il y a 3 semaines
,Peut-on terminer un circuit de Mario Kart... en roulant à reculons ?,Jeux vidéo,GameZone Québec,9:54,"1,1 M vues",Il y a 8 jours
,Mon défi Pokémon : utiliser seulement le premier compagnon rencontré,Jeux vidéo,PlayLab,18:17,364 k vues,Il y a 12 jours
,Le secret le mieux gardé de Zelda n'était pas celui que je croyais,Jeux vidéo,Cube Aventure,15:48,548 k vues,Il y a 1 mois
,J'ai demandé à mes parents de choisir mon personnage dans Brawl Stars,Jeux vidéo,Sam Gaming,11:11,624 k vues,Il y a 6 jours
,Cette cachette Fortnite fonctionne encore... mais plus pour longtemps,Jeux vidéo,Turbo Gaming,7:43,"2,3 M vues",Il y a 2 jours
,Pourquoi tout le monde construit cette ferme dans Minecraft ?,Jeux vidéo,PixelMax,13:29,905 k vues,Il y a 9 jours
,Je visite la carte la plus étrange jamais créée sur Roblox,Jeux vidéo,GameZone Québec,17:06,452 k vues,Il y a 2 semaines
,Le saut le plus satisfaisant de Geometry Dash 🎮,Jeux vidéo,NovaPlay,0:28,"2,7 M vues",Il y a 3 jours
,Je croyais connaître Terraria... jusqu'à cette découverte,Jeux vidéo,Cube Aventure,16:54,287 k vues,Il y a 1 semaine
,On organise un cache-cache géant dans Among Us,Jeux vidéo,Les Défis de Léo,13:41,811 k vues,Il y a 2 semaines
,Ce joueur inconnu m'a appris une technique que je n'oublierai jamais dans Mario Kart World,Jeux vidéo,PlayLab,9:37,339 k vues,Il y a 5 semaines
,"Dans Roblox, mon inventaire est rempli d'objets inutiles... Enfin  c'est ce que je pensais",Jeux vidéo,PixelMax,15:16,719 k vues,Il y a 4 jours
,J'ai recréé mon salon dans Animal Crossing avec seulement ce que j'avais déjà,Jeux vidéo,NovaPlay,18:02,231 k vues,Il y a 10 jours
,Pourquoi cette vieille console fait encore autant parler d'elle ?,Jeux vidéo,Retro Fun,12:48,503 k vues,Il y a 3 semaines
,Comment battre tout le monde facilement a FIFA,Jeux vidéo,Sam Gaming,14:58,468 k vues,Il y a 13 jours
,Je joue avec les réglages les plus étranges trouvés sur Internet,Jeux vidéo,PlayLab,10:43,397 k vues,Il y a 1 semaine
,Les développeurs de Fortnite avaient caché ce clin d'œil depuis des années,Jeux vidéo,NovaPlay,8:21,"1,5 M vues",Il y a 2 mois
,Mon plus beau sauvetage dans Rocket League 🚗⚽,Jeux vidéo,Turbo Gaming,0:41,"3,9 M vues",Il y a 6 jours
,J'ai enfin compris pourquoi tout le monde adore ce nouveau jeu vidéo,Jeux vidéo,Cube Aventure,19:12,276 k vues,Il y a 4 semaines
,Ton équipe marque à la dernière seconde à la FIFA ⏱️,Sport,Zone Sport,0:07,"4,2 M vues",Il y a 2 jours
,Mon premier match de soccer sous la pluie... et je veux recommencer,Sport,Objectif Sport,3:01,526 k vues,Il y a 12 jours
,Le défi du parcours d'obstacles... personne n'a terminé du premier coup,Sport,Défi Max,2:51,874 k vues,Il y a 8 jours
,J'ai demandé à mon entraîneur de tennis son meilleur conseil... sa réponse m'a surpris,Sport,Coach Alex,1:49,"1,3 M vues",Il y a 3 semaines
,Le vélo électrique est-il vraiment plus amusant qu'un vélo classique ?,Sport,Altitude+,3:31,452 k vues,Il y a 4 semaines
,Je compare les échauffements de trois sports complètement différents,Sport,SportLab,2:40,566 k vues,Il y a 11 jours
,Pourquoi certains joueurs restent-ils toujours aussi calmes sous pression ?,Sport,Coach Alex,2:10,813 k vues,Il y a 2 mois
,Une journée à découvrir le baseball avec une vraie équipe,Sport,Objectif Sport,3:40,389 k vues,Il y a 10 jours
,Le défi des tirs de soccer les plus improbables... combien entreront ?,Sport,Défi Max,2:29,947 k vues,Il y a 1 semaine
,J'ai essayé un entraînement inspiré des astronautes,Sport,SportLab,3:09,691 k vues,Il y a 9 jours
,Le plus beau sentier de course que j'ai exploré cette année,Sport,Altitude+,4:00,274 k vues,Il y a 2 semaines
,Pourquoi les sportifs ferment-ils parfois les yeux avant de commencer ?,Sport,Zone Sport,1:40,485 k vues,Il y a 3 semaines
,J'organise un mini tournoi de ping pong dans mon quartier,Sport,Objectif Sport,2:47,604 k vues,Il y a 6 jours
,Le jour où j'ai enfin réussi mon premier salto arrière,Sport,Altitude+,3:46,738 k vues,Il y a 13 jours
,Je teste si les gadgets d'entraînement les plus populaires valent vraiment le coup,Sport,SportLab,3:01,824 k vues,Il y a 5 semaines
,Course à vélo - tu bats enfin ton record personnel 🏅,Sport,Coach Alex,0:06,"3,6 M vues",Il y a 4 jours
,Cette stratégie au hockey nous a permis de renverser le match,Sport,Zone Sport,2:34,659 k vues,Il y a 1 semaine
,Mon plus gros fou rire pendant un entraînement 😂,Sport,Défi Max,1:54,"1,7 M vues",Il y a 2 semaines
,Je découvre pourquoi autant de gens deviennent accros à l'escalade,Sport,Altitude+,3:30,318 k vues,Il y a 8 jours
,Je n'avais jamais joué au pickleball... maintenant je comprends pourquoi tout le monde en parle,Sport,Objectif Sport,3:16,512 k vues,Il y a 1 semaine
,Le défi des 50 tirs : combien finiront vraiment dans le filet ?,Sport,Défi Max,2:21,846 k vues,Il y a 8 jours
,Pourquoi les arbitres utilisent-ils vraiment le carton jaune ?,Sport,Zone Sport,2:02,391 k vues,Il y a 2 semaines
,J'apprends à jongler avec un ballon en suivant seulement Internet,Sport,Coach Alex,2:35,624 k vues,Il y a 5 jours
,Le plus beau parcours de vélo que j'ai découvert cet été,Sport,Altitude+,3:44,283 k vues,Il y a 3 semaines
,Je teste les exercices de réchauffement d'une équipe professionnelle,Sport,SportLab,3:02,717 k vues,Il y a 2 mois
,Cette séance d'entraînement ne dure que 10 minutes... mais elle est redoutable,Sport,Coach Alex,2:06,"1,2 M vues",Il y a 6 jours
,Hockey - Tu arrêtes enfin un tir impossible 🥅,Sport,Zone Sport,0:05,"3,4 M vues",Il y a 3 jours
,Mon ami choisit tous les défis sportifs de la journée,Sport,Défi Max,2:54,548 k vues,Il y a 10 jours
,Je pensais que le badminton était facile... j'avais complètement tort,Sport,Objectif Sport,3:29,438 k vues,Il y a 11 jours
,Les cinq plus belles attrapées au baseball cette saison,Sport,Zone Sport,1:51,906 k vues,Il y a 1 mois
,J'essaie le golf pour la première fois... où est passée la balle ?,Sport,Altitude+,3:13,359 k vues,Il y a 2 semaines
,Comment réussir un meilleur départ en course sans courir plus vite,Sport,Coach Alex,2:28,775 k vues,Il y a 9 jours
,On joue au hockey avec des règles complètement inventées,Sport,Défi Max,2:57,"1,5 M vues",Il y a 4 jours
,Le plus beau terrain de basketball que j'ai visité,Sport,Objectif Sport,2:42,304 k vues,Il y a 2 semaines
,J'ai demandé à une IA de préparer mon entraînement sportif,Sport,SportLab,3:47,632 k vues,Il y a 1 semaine
,Pourquoi les nageurs portent-ils parfois deux bonnets ?,Sport,Zone Sport,1:36,427 k vues,Il y a 3 semaines
,Le défi des passes parfaites... personne ne s'attendait à cette fin,Sport,Défi Max,2:13,689 k vues,Il y a 12 jours
,Je découvre le tir à l'arc et je vise le centre dès le premier essai,Sport,Altitude+,3:34,266 k vues,Il y a 6 jours
,Les erreurs que je faisais chaque fois avant un match de soccer,Sport,Coach Alex,1:58,958 k vues,Il y a 2 mois
,Cette compétition amicale est devenue beaucoup plus sérieuse que prévu,Sport,Zone Sport,2:52,581 k vues,Il y a 8 jours
,Mon plus beau souvenir de tournoi... et ce n'est même pas une victoire,Sport,Objectif Sport,3:32,342 k vues,Il y a 5 semaines
,Je compare un ballon de soccer à 15 $ avec un ballon professionnel,Sport,SportLab,2:34,843 k vues,Il y a 1 semaine
,Le défi de l'équilibre sur slackline... combien de temps vais-je tenir ?,Sport,Altitude+,2:20,493 k vues,Il y a 13 jours
,Je joue un match complet... sans jamais parler à mon équipe,Sport,Défi Max,2:28,584 k vues,Il y a 9 jours
,Ce lancer franc semblait impossible... jusqu'à aujourd'hui,Sport,Coach Alex,1:49,927 k vues,Il y a 2 semaines
,J'ai essayé le biathlon pour la toute première fois,Sport,Objectif Sport,3:40,362 k vues,Il y a 1 semaine
,Pourquoi les gardiens de hockey tapent-ils leurs poteaux ?,Sport,Zone Sport,1:40,418 k vues,Il y a 3 semaines
,Je relève le défi des 1 000 passes avec mes amis,Sport,Défi Max,3:01,713 k vues,Il y a 12 jours
,Le sport qui brûle le plus de calories... le résultat m'a surpris,Sport,SportLab,2:52,"1,3 M vues",Il y a 1 mois
,J'ai appris à faire un salto... avec un vrai entraîneur,Sport,Altitude+,3:56,806 k vues,Il y a 5 jours
,Cette technique m'a enfin permis de réussir un service au volleyball,Sport,Coach Alex,2:13,276 k vues,Il y a 2 semaines
,Mon premier entraînement de boxe a été beaucoup plus intense que prévu,Sport,Objectif Sport,3:11,539 k vues,Il y a 8 jours
,Tu marques le point gagnant devant toute l'école 🏐,Sport,Zone Sport,0:06,"2,8 M vues",Il y a 4 jours
,On échange nos sports préférés pendant une journée complète,Sport,Défi Max,3:21,447 k vues,Il y a 10 jours
,Le plus beau plongeon que j'aie réussi cet été,Sport,Altitude+,2:02,694 k vues,Il y a 3 semaines
,Pourquoi les professionnels s'échauffent-ils toujours de cette façon ?,Sport,Coach Alex,2:05,811 k vues,Il y a 6 jours
,Je découvre un terrain caché en pleine forêt,Sport,Objectif Sport,3:49,225 k vues,Il y a 2 semaines
,Le défi du ballon géant... c'était beaucoup plus drôle que prévu !,Sport,Défi Max,2:40,"1,6 M vues",Il y a 1 semaine
,J'ai testé les chaussures les moins chères contre les plus populaires,Sport,SportLab,2:58,591 k vues,Il y a 2 mois
,Cette remontée restera la plus incroyable de notre saison,Sport,Zone Sport,2:50,482 k vues,Il y a 9 jours
,Peut-on vraiment améliorer son équilibre en 7 jours ?,Sport,Coach Alex,2:23,367 k vues,Il y a 11 jours
,Je participe à une compétition sans connaître les règles... ou presque,Sport,Objectif Sport,3:42,304 k vues,Il y a 4 semaines
,Les cinq erreurs que j'aurais aimé éviter en skateboard,Sport,Altitude+,2:16,638 k vues,Il y a 13 jours
,J'affronte une équipe composée uniquement d'entraîneurs,Sport,Zone Sport,3:09,774 k vues,Il y a 5 jours
,Mon petit frère devient mon coach pendant 24 heures,Sport,Défi Max,1:56,988 k vues,Il y a 2 semaines
,Le défi des tirs impossibles... combien vais-je en réussir ?,Sport,SportLab,2:37,853 k vues,Il y a 3 jours
,Je découvre pourquoi les sportifs adorent autant l'escalade,Sport,Altitude+,3:29,289 k vues,Il y a 1 semaine
,Le meilleur conseil sportif que j'ai reçu cette année,Sport,Coach Alex,1:45,"1,1 M vues",Il y a 3 semaines
,J'ai essayé le soccer avec les yeux bandés... enfin presque !,Sport,Zone Sport,2:39,684 k vues,Il y a 5 jours
,Le panier le plus chanceux que j'aie marqué de toute ma vie,Sport,Défi Max,1:52,"1,2 M vues",Il y a 2 semaines
,Peut-on apprendre un nouveau sport en une seule journée ?,Sport,SportLab,3:48,437 k vues,Il y a 1 semaine
,Mon grand-père m'a lancé un défi de hockey que je n'oublierai jamais,Sport,Zone Sport,3:02,592 k vues,Il y a 3 semaines
,J'ai couru mon premier 5 km... et je ne m'attendais pas à ça,Sport,Objectif Sport,3:30,311 k vues,Il y a 6 jours
,Pourquoi tous les débutants font cette erreur au basketball ?,Sport,Coach Alex,2:09,908 k vues,Il y a 2 mois
,Le match le plus drôle qu'on ait joué entre amis 😂,Sport,Défi Max,2:01,"1,8 M vues",Il y a 10 jours
,Je teste les exercices d'entraînement d'un joueur professionnel,Sport,SportLab,3:16,526 k vues,Il y a 2 semaines
,Cette règle du volleyball surprend toujours les nouveaux joueurs,Sport,Coach Alex,1:39,264 k vues,Il y a 8 jours
,Tu réussis enfin ton premier dunk 🏀,Sport,Zone Sport,0:06,"3,7 M vues",Il y a 4 jours
,J'ai affronté mon professeur au tennis... le résultat est inattendu,Sport,Défi Max,2:48,761 k vues,Il y a 1 semaine
,Pourquoi le surf est beaucoup plus difficile qu'il n'y paraît,Sport,Objectif Sport,3:33,419 k vues,Il y a 3 semaines
,Le défi des 100 jongles au soccer... mission accomplie ?,Sport,SportLab,2:25,602 k vues,Il y a 12 jours
,J'ai découvert un sport dont je n'avais jamais entendu parler,Sport,Objectif Sport,4:01,278 k vues,Il y a 9 jours
,Mon premier cours d'escalade a complètement changé ma façon de voir ce sport,Sport,Altitude+,3:32,344 k vues,Il y a 2 semaines
,Je pensais être rapide... jusqu'à cette course,Sport,Zone Sport,1:56,489 k vues,Il y a 5 jours
,Le plus beau but de notre tournoi scolaire,Sport,Défi Max,1:25,"1,4 M vues",Il y a 1 mois
,Comment améliorer ton tir sans t'entraîner plus longtemps,Sport,Coach Alex,2:35,836 k vues,Il y a 2 semaines
,Une journée complète dans la peau d'un gardien de but,Sport,Objectif Sport,3:55,391 k vues,Il y a 11 jours
,Je laisse une roue choisir mon sport de la journée,Sport,SportLab,3:06,547 k vues,Il y a 4 jours
,Le skateboard semblait facile... jusqu'à ma première descente,Sport,Altitude+,2:07,613 k vues,Il y a 13 jours
,Le secret des athlètes pour rester motivés toute l'année,Sport,Coach Alex,1:48,952 k vues,Il y a 1 mois
,Mon équipe perdait 5 à 0... puis tout a changé,Sport,Zone Sport,3:13,722 k vues,Il y a 6 jours
,Je compare cinq ballons de soccer sans regarder leur marque,Sport,SportLab,2:28,308 k vues,Il y a 3 semaines
,Le défi sportif le plus amusant à essayer avec tes amis,Sport,Défi Max,0:33,"1,1 M vues",Il y a 8 jours
2,Comment casser des oeufs sans percer les jaunes?,Cuisine,Les Recettes de Mia,7:36,"1,1 M vues",Il y a 1 mois
2,J'ai réussi les meilleures crêpes au monde,Cuisine,Chef Léo,1:47,678 k vues,Il y a 3 semaines
2,Le défi du petit-déjeuner arc-en-ciel 🌈,Cuisine,FoodLab,2:19,905 k vues,Il y a 2 jours
2,Peut-on faire des crêpes avec seulement 3 ingrédients?,Cuisine,Défi Cuisine,3:54,357 k vues,Il y a 12 jours
2,Je prépare un déjeuner en moins de 5 minutes!,Cuisine,Cuisine Express,6:44,742 k vues,Il y a 5 mois
2,Les céréales les plus étranges du monde… testées!,Cuisine,Les Recettes de Mia,0:31,609 k vues,Il y a 4 jours
2,Mon frère choisit tous les ingrédients de mon déjeuner!,Cuisine,Chef Léo,10:15,483 k vues,Il y a 3 mois
2,J’ai transformé des fruits en personnages rigolos 🍓,Cuisine,Défi Cuisine,11:18,156 k vues,Il y a 1 semaine
2,La toast le plus drôle que j’ai jamais préparé!,Cuisine,FoodLab,9:52,271 k vues,Il y a 9 jours
2,Défi : cuisiner un déjeuner sans utiliser de cuillère!,Cuisine,Chef Léo,6:06,512 k vues,Il y a 2 semaines
2,5 idées de déjeuners qui ressemblent à des desserts,Cuisine,Les Recettes de Mia,4:42,391 k vues,Il y a 11 jours
2,On goûte des confitures aux saveurs complètement folles!,Cuisine,Cuisine Express,1:09,829 k vues,Il y a 6 jours
2,J’ai essayé de reproduire un déjeuner vu dans un dessin animé,Cuisine,Chef Léo,8:39,"1,3 M vues",Il y a 1 mois
2,Qui prépare le meilleur smoothie surprise?,Cuisine,FoodLab,11:58,447 k vues,Il y a 2 mois
2,Les pires erreurs à éviter quand on fait des pancakes,Cuisine,Défi Cuisine,3:27,233 k vues,Il y a 2 semaines
2,Défi cuisine : les yeux bandés pour préparer le déjeuner!,Cuisine,Cuisine Express,7:58,690 k vues,Il y a 1 semaine
2,Mon déjeuner est entièrement… bleu! 💙,Cuisine,FoodLab,5:51,584 k vues,Il y a 9 jours
2,Je prépare un déjeuner digne d’un champion de sport,Cuisine,Les Recettes de Mia,9:34,411 k vues,Il y a 3 semaines
2,Les 7 meilleures garnitures pour rendre les gaufres incroyables,Cuisine,Chef Léo,0:18,768 k vues,Il y a 5 jours
2,Peut-on cuisiner un déjeuner avec un mini gaufrier?,Cuisine,Les Recettes de Mia,2:07,925 k vues,Il y a 2 semaines
2,Le défi des ingrédients cachés : sauras-tu les deviner?,Cuisine,Cuisine Express,10:49,352 k vues,Il y a 1 mois
2,J’ai recréé mon déjeuner préféré avec seulement des fruits,Cuisine,Chef Léo,9:36,241 k vues,Il y a 8 jours
2,Les astuces secrètes pour des œufs brouillés parfaits,Cuisine,FoodLab,11:53,"1,6 M vues",Il y a 4 semaines
2,Défi : préparer un déjeuner avec ce qu’il reste dans le frigo,Cuisine,Défi Cuisine,3:24,507 k vues,Il y a 12 jours
2,Les smoothies les plus colorés qu’on ait jamais préparés!,Cuisine,FoodLab,8:42,398 k vues,Il y a 6 jours
2,On invente des céréales aux saveurs impossibles!,Cuisine,Cuisine Express,7:55,"1,2 M vues",Il y a 2 mois
2,Je prépare un déjeuner inspiré d’un jeu vidéo,Cuisine,Les Recettes de Mia,1:46,284 k vues,Il y a 1 semaine
2,Les 10 décorations les plus amusantes pour des pancakes,Cuisine,Les Recettes de Mia,4:42,391 k vues,Il y a 11 jours
2,Défi : cuisiner un déjeuner en lançant un dé!,Cuisine,Cuisine Express,1:09,829 k vues,Il y a 6 jours
2,J’ai essayé les recettes de déjeuner les plus populaires d’Internet,Cuisine,Chef Léo,8:39,"1,3 M vues",Il y a 1 mois
2,Peut-on faire un déjeuner délicieux sans sucre ajouté?,Cuisine,FoodLab,11:58,447 k vues,Il y a 2 mois
2,Le concours du plus beau bol de yogourt!,Cuisine,Défi Cuisine,3:27,233 k vues,Il y a 2 semaines