Utilisé pour l'entrainement,Titre,Catégorie
1,Les jeux vidéo détruisent peu à peu notre capacité à nous concentrer,Négatif
1,Les jeux vidéo remplacent-ils la place des vrais amis ?,Négatif
1,Pourquoi tant de jeunes dorment moins à cause des jeux vidéo ?,Négatif
1,Les 5 signes que les jeux vidéo prennent le contrôle de ton quotidien,Négatif
1,Les jeux vidéo détruisent la concentration des jeunes... et c'est inquiétant !,Négatif
1,Les jeux vidéo peuvent complètement dérégler ton sommeil,Négatif
1,Ce qui arrive à ton cerveau après des heures passées devant un jeu… C'est terrifiant!,Négatif
1,Les jeux vidéo peuvent nuire à la réussite scolaire,Négatif
1,Pourquoi tant de familles imposent aujourd'hui des limites aux jeux vidéo ?,Négatif
1,"Les jeux vidéo prennent la place du sport, de la lecture et des sorties",Négatif
1,Les jeux vidéo développent ton cerveau bien plus qu'on le pense,Positif
1,Pourquoi les jeunes qui jouent aux jeux vidéo apprennent plus vite à résoudre des problèmes à l'école et dans la vie en général ?,Positif
1,Les jeux vidéo sont l'un des meilleurs outils pour développer la créativité !,Positif
1,J'ai amélioré mon anglais grâce aux jeux vidéo.. et ça marche vraiment !,Positif
1,Les jeux vidéo rendent-ils plus intelligents ? Oui...Les recherches sont surprenantes,Positif
1,Les grands joueurs de jeux vidéo développent des réflexes impressionnants... voici pourquoi,Positif
1,Voici pourquoi les jeux vidéo améliorent la mémoire,Positif
1,Les jeux vidéo entraînent ton cerveau chaque fois que tu joues,Positif
1,Les jeux vidéo peuvent t'aider à réussir à l'école,Positif
1,Les jeux vidéo donnent confiance pour relever des défis,Positif
,J'ai supprimé tous mes jeux vidéo... et je ne regrette absolument rien !,Négatif
,Les spécialistes sonnent l'alarme sur les jeux vidéo,Négatif
,Les jeux vidéo rendent les jeunes dépendants beaucoup plus vite qu'on le croit,Négatif
,Les jeux vidéo prennent le contrôle de ton temps sans que tu t'en rendes compte,Négatif
,Pourquoi les jeux vidéo volent des milliers d'heures aux jeunes chaque année,Négatif
,Les jeux vidéo rendent-ils les jeunes dépendants sans qu'ils s'en rendent compte ?,Négatif
,Pourquoi les jeux vidéo rendent si difficile l'arrêt d'une partie,Négatif
,Les spécialistes s'inquiètent du temps passé à jouer,Négatif
,Les jeux vidéo sont conçus pour te garder accroché... voici comment,Négatif
,Les développeurs veulent que tu reviennes jouer encore et encore,Négatif
,Le piège caché derrière les récompenses dans les jeux vidéo,Négatif
,Pourquoi il est beaucoup plus difficile d'arrêter que tu le crois,Négatif
,Les jeux vidéo remplacent-ils les vraies expériences de la vie ?,Négatif
,Ce que j'ai retrouvé après avoir arrêté les jeux vidéo pendant un mois,Négatif
,Les jeux vidéo nous font-ils perdre le goût des autres activités ?,Négatif
,Pourquoi ton cerveau réclame toujours « une dernière partie »,Négatif
,Les jeux vidéo peuvent-ils devenir une véritable dépendance ?,Négatif
,Les jeux vidéo fatiguent-ils davantage ton cerveau qu'on le pense ?,Négatif
,Pourquoi les jeux vidéo rendent les devoirs plus difficiles à commencer,Négatif
,Les jeux vidéo empêchent-ils les jeunes de développer d'autres passions ?,Négatif
,Les effets inquiétants des longues soirées passées à jouer,Négatif
,Pourquoi les jeux vidéo rendent les écrans encore plus difficiles à quitter,Négatif
,Les jeux vidéo sont-ils devenus le nouveau piège des réseaux sociaux ?,Négatif
,Le coût caché de toutes ces heures passées à jouer,Négatif
,Pourquoi les jeux vidéo te donnent toujours envie d'y retourner,Négatif
,Les jeux vidéo peuvent-ils modifier tes habitudes sans que tu le remarques ?,Négatif
,Comment les jeux vidéo réussissent à garder ton attention pendant des heures,Négatif
,Les jeux vidéo sont-ils en train de remplacer les loisirs des jeunes ?,Négatif
,Pourquoi certains jeunes pensent uniquement à leur prochain jeu,Négatif
,Les jeux vidéo nous éloignent-ils de la vraie vie ?,Négatif
,Les conséquences que personne ne remarque avant qu'il soit trop tard,Négatif
,Les jeux vidéo peuvent-ils rendre les journées moins productives ?,Négatif
,Les jeux vidéo peuvent-ils augmenter le stress plutôt que le diminuer ?,Négatif
,Les erreurs que presque tous les jeunes joueurs finissent par faire,Négatif
,Pourquoi les jeux vidéo rendent parfois les pauses presque impossibles,Négatif
,Les jeux vidéo nous font-ils perdre la notion du temps ?,Négatif
,Ce que les longues heures de jeu changent dans ton quotidien,Négatif
,Les jeux vidéo peuvent-ils nuire à ton sommeil même après avoir arrêté de jouer ?,Négatif
,Pourquoi les jeux vidéo donnent l'impression que tout le reste est moins amusant,Négatif
,Les jeux vidéo sont-ils devenus trop présents dans la vie des jeunes ?,Négatif
,Les spécialistes recommandent-ils vraiment de jouer moins ?,Négatif
,Ce que j'aurais aimé comprendre avant de passer autant de temps à jouer,Négatif
,Les jeux vidéo peuvent-ils te faire passer à côté d'autres passions ?,Négatif
,Pourquoi il est parfois plus difficile d'éteindre la console que de commencer à jouer,Négatif
,Les jeux vidéo occupent-ils plus de place qu'ils ne devraient ?,Négatif
,Les jeux vidéo : un loisir qui peut facilement prendre toute la place,Négatif
,Pourquoi les jeux vidéo volent une partie de l'enfance,Négatif
,Pourquoi les jeux vidéo remplacent peu à peu les vraies passions,Négatif
,Les jeux vidéo nuisent davantage à la réussite scolaire qu'on le pensait,Négatif
,Les jeux vidéo sont conçus pour te garder devant l'écran le plus longtemps possible,Négatif
,Les développeurs connaissent exactement les astuces qui te font rejouer,Négatif
,Les jeux vidéo rendent de plus en plus difficile le fait de décrocher,Négatif
,Les jeux vidéo remplacent les vraies amitiés par des écrans,Négatif
,Pourquoi tant de jeunes ont du mal à arrêter de jouer,Négatif
,Les jeux vidéo rendent les soirées beaucoup trop courtes,Négatif
,Les jeux vidéo peuvent te faire perdre des milliers d'heures,Négatif
,Pourquoi les jeux vidéo rendent les devoirs beaucoup moins intéressants,Négatif
,Les jeux vidéo rendent les autres loisirs moins amusants,Négatif
,Les jeux vidéo sont devenus l'une des plus grandes distractions chez les jeunes,Négatif
,Les jeux vidéo épuisent ton cerveau plus que tu ne le penses,Négatif
,Pourquoi les jeux vidéo rendent les jeunes moins actifs,Négatif
,Les jeux vidéo créent des habitudes difficiles à briser,Négatif
,Les jeux vidéo sont-ils le nouveau problème des familles ?,Négatif
,Pourquoi les jeux vidéo donnent toujours envie d'une partie de plus,Négatif
,Les jeux vidéo occupent beaucoup plus de place qu'ils ne devraient,Négatif
,Les jeux vidéo rendent les pauses presque impossibles,Négatif
,Les jeux vidéo encouragent les jeunes à rester enfermés à l'intérieur,Négatif
,Pourquoi les jeux vidéo rendent les écrans encore plus difficiles à quitter,Négatif
,Les jeux vidéo peuvent faire oublier ce qui compte vraiment,Négatif
,Les jeux vidéo réduisent le temps passé avec la famille,Négatif
,Pourquoi tant de jeunes regrettent le temps perdu à jouer,Négatif
,Les jeux vidéo donnent l'impression que tout le reste est ennuyeux,Négatif
,Les jeux vidéo peuvent devenir une véritable dépendance,Négatif
,Les jeux vidéo rendent plus difficile le développement de nouvelles passions,Négatif
,Les jeux vidéo changent nos habitudes sans qu'on s'en aperçoive,Négatif
,Pourquoi les jeux vidéo peuvent nuire au développement des jeunes,Négatif
,Les jeux vidéo rendent plus difficile la gestion du temps,Négatif
,Les jeux vidéo favorisent des journées passées presque uniquement devant un écran,Négatif
,Les jeux vidéo rendent les jeunes moins attentifs à ce qui les entoure,Négatif
,Pourquoi les jeux vidéo peuvent nuire aux relations avec la famille,Négatif
,Les jeux vidéo donnent envie de toujours repousser les responsabilités,Négatif
,Les jeux vidéo peuvent rendre la vraie vie moins stimulante,Négatif
,Pourquoi les jeux vidéo finissent par prendre toute la place,Négatif
,Les jeux vidéo font perdre un temps précieux chaque semaine,Négatif
,Les jeux vidéo rendent les jeunes plus sédentaires qu'ils ne devraient l'être,Négatif
,Les jeux vidéo sont devenus un piège pour des milliers de jeunes,Négatif
,Pourquoi les jeux vidéo rendent si difficile le fait de s'arrêter,Négatif
,Les jeux vidéo peuvent t'éloigner de tes objectifs,Négatif
,Les jeux vidéo sont l'une des principales causes de la surconsommation d'écrans,Négatif
,Les jeux vidéo peuvent facilement prendre le dessus sur le reste de ta vie,Négatif
,Les jeux vidéo sont l'un des meilleurs loisirs pour apprendre et grandir,Positif
,5 raisons de ne plus culpabiliser quand tu joues,Positif
,Les jeux vidéo m'ont appris des compétences que l'école ne m'avait jamais enseignées,Positif
,Pourquoi Minecraft est utilisé dans de plus en plus d'écoles,Positif
,Ce jeu m'a appris à programmer avant même mon premier cours,Positif
,Les jeux vidéo peuvent-ils préparer aux métiers du futur ?,Positif
,Les meilleurs leaders sont souvent... des joueurs !,Positif
,Pourquoi les jeux vidéo sont excellents pour apprendre à collaborer,Positif
,Les compétences cachées que tous les joueurs développent,Positif
,Les jeux vidéo rendent-ils vraiment plus créatif ? La réponse est OUI,Positif
,Ce que les parents ne savent pas sur les bienfaits des jeux vidéo,Positif
,Les jeux vidéo sont bien plus éducatifs qu'on ne le croit,Positif
,Pourquoi jouer peut être aussi stimulant que résoudre des casse-têtes,Positif
,Les joueurs prennent de meilleures décisions sous pression,Positif
,Ce que les chercheurs découvrent enfin sur les jeux vidéo,Positif
,Les jeux vidéo donnent le goût d'apprendre les sciences,Positif
,Comment les jeux vidéo développent la logique sans qu'on s'en rende compte,Positif
,Pourquoi tant d'enseignants utilisent maintenant Minecraft,Positif
,Les jeux vidéo : un incroyable terrain d'entraînement pour le cerveau,Positif
,Comment un jeu vidéo a changé ma façon d'apprendre,Positif
,Les jeux vidéo rendent les défis amusants... et c'est une bonne chose,Positif
,Pourquoi créer un jeu est l'un des meilleurs projets à faire,Positif
,Les jeux vidéo développent des compétences utiles toute la vie,Positif
,Le secret des joueurs qui apprennent plus vite,Positif
,Les jeux vidéo encouragent la curiosité et l'expérimentation,Positif
,Pourquoi les ingénieurs adorent les jeux de construction,Positif
,Les jeux vidéo peuvent renforcer le travail d'équipe,Positif
,Jouer est parfois la meilleure façon d'apprendre,Positif
,Les jeux vidéo donnent confiance pour résoudre des problèmes difficiles,Positif
,Comment les jeux vidéo préparent les jeunes au monde numérique,Positif
,Les joueurs développent des stratégies étonnantes au quotidien,Positif
,Pourquoi les jeux vidéo sont bien plus qu'un simple loisir,Positif
,Les jeux vidéo stimulent l'imagination comme peu d'autres activités,Positif
,Les meilleurs apprentissages commencent parfois avec une manette,Positif
,Les jeux vidéo transforment les erreurs en occasions d'apprendre,Positif
,Pourquoi les joueurs abandonnent moins facilement devant un défi,Positif
,Les jeux vidéo nous apprennent à penser autrement,Positif
,J'ai appris plus de logique dans ce jeu que je ne l'aurais cru,Positif
,Les jeux vidéo peuvent révéler des talents insoupçonnés,Positif
,Pourquoi jouer ensemble rapproche les familles et les amis,Positif
,Les jeux vidéo inspirent les inventeurs de demain,Positif
,Les jeux vidéo sont une formidable école de créativité,Positif
,Les jeux vidéo rendent les jeunes plus intelligents qu'on ne l'imagine,Positif
,Les chercheurs confirment enfin les incroyables bienfaits des jeux vidéo,Positif
,Pourquoi tous les jeunes devraient jouer à des jeux vidéo,Positif
,Les jeux vidéo développent ton cerveau chaque fois que tu joues,Positif
,Les jeux vidéo sont l'une des meilleures façons d'apprendre en s'amusant,Positif
,Les jeux vidéo préparent les jeunes aux métiers du futur,Positif
,Les meilleurs élèves jouent aussi... et voici pourquoi,Positif
,Les jeux vidéo développent des compétences que l'école enseigne rarement,Positif
,Pourquoi les joueurs deviennent d'excellents résolveurs de problèmes,Positif
,Les jeux vidéo sont un véritable entraînement pour le cerveau,Positif
,J'ai appris plus en jouant qu'en lisant un manuel,Positif
,Les jeux vidéo rendent la créativité presque sans limite,Positif
,Pourquoi les ingénieurs adorent les jeux vidéo depuis leur enfance,Positif
,Les jeux vidéo transforment les erreurs en occasions d'apprendre,Positif
,Les jeux vidéo développent des réflexes utiles dans la vraie vie,Positif
,Ce que les parents découvrent quand ils jouent avec leurs enfants,Positif
,Les jeux vidéo rendent le travail d'équipe plus naturel,Positif
,Les jeux vidéo donnent envie d'apprendre de nouvelles choses,Positif
,Pourquoi Minecraft est probablement le meilleur jeu éducatif jamais créé,Positif
,Les jeux vidéo sont bien plus éducatifs qu'on le croit,Positif
,Les joueurs apprennent à penser plus vite,Positif
,Les jeux vidéo développent la logique mieux que certains exercices,Positif
,Pourquoi les jeunes joueurs deviennent souvent d'excellents créateurs,Positif
,Les jeux vidéo stimulent ton imagination tous les jours,Positif
,Les jeux vidéo peuvent changer ta façon de réfléchir... pour le mieux,Positif
,Les jeux vidéo développent des compétences utiles pour toute la vie,Positif
,Les jeux vidéo rendent les apprentissages beaucoup plus amusants,Positif
,Les jeux vidéo sont une véritable école de créativité,Positif
,Pourquoi jouer est souvent une excellente façon d'apprendre,Positif
,Les jeux vidéo aident les jeunes à collaborer efficacement,Positif
,Les jeux vidéo encouragent la curiosité et l'exploration,Positif
,Les jeux vidéo développent la persévérance comme peu d'autres activités,Positif
,Les jeux vidéo t'apprennent à ne jamais abandonner,Positif
,Les jeux vidéo rendent les défis motivants au lieu d'être stressants,Positif
,Les jeux vidéo permettent d'apprendre sans même s'en rendre compte,Positif
,Les jeux vidéo donnent envie de créer plutôt que de simplement consommer,Positif
,Les joueurs développent des stratégies impressionnantes dès leur plus jeune âge,Positif
,Les jeux vidéo entraînent ton cerveau à prendre de meilleures décisions,Positif
,Les jeux vidéo sont le meilleur terrain de jeu pour apprendre à résoudre des problèmes,Positif
,Pourquoi les joueurs sont souvent très à l'aise avec la technologie,Positif
,Les jeux vidéo développent l'autonomie et la débrouillardise,Positif
,Les jeux vidéo sont une excellente préparation au monde numérique,Positif
,Les jeux vidéo peuvent révéler des talents que l'on ignorait avoir,Positif
,"Les jeux vidéo inspirent les scientifiques, les programmeurs et les inventeurs de demain",Positif
,Les jeux vidéo développent les compétences les plus recherchées aujourd'hui,Positif
,Les jeux vidéo rendent le cerveau plus agile face aux nouveaux défis,Positif
,Les jeux vidéo permettent aux jeunes de réaliser des projets incroyables,Positif
,Les jeux vidéo pourraient bien être le loisir le plus enrichissant de notre époque,Positif